,Time,Topics,pos/neu/neg
0,2021-12-01 16:52:05+00:00,health facility/control measures,negative
1,2021-12-01 16:52:04+00:00,health facility/control measures,negative
17,2021-12-01 16:49:04+00:00,health facility/control measures,negative
37,2021-12-01 16:45:05+00:00,health facility/control measures,negative
38,2021-12-01 16:44:47+00:00,health facility/control measures,negative
40,2021-12-01 16:44:06+00:00,health facility/control measures,negative
53,2021-12-01 16:42:03+00:00,health facility/control measures,negative
59,2021-12-01 16:40:02+00:00,health facility/control measures,negative
93,2021-12-01 16:30:04+00:00,health facility/control measures,negative
108,2021-12-01 16:26:03+00:00,health facility/control measures,negative
124,2021-12-01 16:21:07+00:00,health facility/control measures,negative
125,2021-12-01 16:21:00+00:00,health facility/control measures,negative
163,2021-12-01 16:13:35+00:00,health facility/control measures,negative
171,2021-12-01 16:10:01+00:00,health facility/control measures,negative
207,2021-12-01 16:01:50+00:00,health facility/control measures,negative
210,2021-12-01 16:01:41+00:00,health facility/control measures,negative
222,2021-12-01 16:00:04+00:00,health facility/control measures,negative
223,2021-12-01 16:00:01+00:00,health facility/control measures,negative
233,2021-12-01 15:55:43+00:00,health facility/control measures,negative
245,2021-12-01 15:52:16+00:00,health facility/control measures,negative
246,2021-12-01 15:52:07+00:00,health facility/control measures,negative
257,2021-12-01 15:48:39+00:00,health facility/control measures,negative
264,2021-12-01 15:46:58+00:00,health facility/control measures,negative
267,2021-12-01 15:45:36+00:00,health facility/control measures,negative
268,2021-12-01 15:45:33+00:00,health facility/control measures,negative
272,2021-12-01 15:44:51+00:00,health facility/control measures,negative
311,2021-12-01 15:35:00+00:00,health facility/control measures,negative
315,2021-12-01 15:34:14+00:00,health facility/control measures,negative
321,2021-12-01 15:32:12+00:00,health facility/control measures,negative
348,2021-12-01 15:23:28+00:00,health facility/control measures,negative
542,2021-12-01 14:39:35+00:00,health facility/control measures,negative
546,2021-12-01 14:38:51+00:00,health facility/control measures,negative
549,2021-12-01 14:38:10+00:00,health facility/control measures,negative
550,2021-12-01 14:38:07+00:00,health facility/control measures,negative
552,2021-12-01 14:37:58+00:00,health facility/control measures,negative
564,2021-12-01 14:32:48+00:00,health facility/control measures,negative
565,2021-12-01 14:32:46+00:00,health facility/control measures,negative
568,2021-12-01 14:32:16+00:00,health facility/control measures,negative
569,2021-12-01 14:32:15+00:00,health facility/control measures,negative
573,2021-12-01 14:32:02+00:00,health facility/control measures,negative
575,2021-12-01 14:31:54+00:00,health facility/control measures,negative
577,2021-12-01 14:31:44+00:00,health facility/control measures,negative
579,2021-12-01 14:31:14+00:00,health facility/control measures,negative
580,2021-12-01 14:31:12+00:00,health facility/control measures,negative
584,2021-12-01 14:30:04+00:00,health facility/control measures,negative
619,2021-12-01 14:24:04+00:00,health facility/control measures,negative
623,2021-12-01 14:23:52+00:00,health facility/control measures,negative
627,2021-12-01 14:23:02+00:00,health facility/control measures,negative
659,2021-12-01 14:15:39+00:00,health facility/control measures,negative
665,2021-12-01 14:15:05+00:00,health facility/control measures,negative
671,2021-12-01 14:13:51+00:00,health facility/control measures,negative
679,2021-12-01 14:12:34+00:00,health facility/control measures,negative
690,2021-12-01 14:11:00+00:00,health facility/control measures,negative
691,2021-12-01 14:10:58+00:00,health facility/control measures,negative
709,2021-12-01 14:08:48+00:00,health facility/control measures,negative
719,2021-12-01 14:05:47+00:00,health facility/control measures,negative
739,2021-12-01 14:02:31+00:00,health facility/control measures,negative
740,2021-12-01 14:02:30+00:00,health facility/control measures,negative
746,2021-12-01 14:01:24+00:00,health facility/control measures,negative
825,2021-12-01 13:46:01+00:00,health facility/control measures,negative
829,2021-12-01 13:45:07+00:00,health facility/control measures,negative
832,2021-12-01 13:45:00+00:00,health facility/control measures,negative
910,2021-12-01 13:26:01+00:00,health facility/control measures,negative
924,2021-12-01 13:22:10+00:00,health facility/control measures,negative
925,2021-12-01 13:22:03+00:00,health facility/control measures,negative
977,2021-12-01 13:11:35+00:00,health facility/control measures,negative
36,2021-12-01 16:45:25+00:00,health facility/control measures,neutral
60,2021-12-01 16:39:51+00:00,health facility/control measures,neutral
194,2021-12-01 16:05:07+00:00,health facility/control measures,neutral
208,2021-12-01 16:01:49+00:00,health facility/control measures,neutral
209,2021-12-01 16:01:45+00:00,health facility/control measures,neutral
219,2021-12-01 16:00:13+00:00,health facility/control measures,neutral
285,2021-12-01 15:41:29+00:00,health facility/control measures,neutral
370,2021-12-01 15:16:48+00:00,health facility/control measures,neutral
423,2021-12-01 15:04:10+00:00,health facility/control measures,neutral
436,2021-12-01 15:01:17+00:00,health facility/control measures,neutral
444,2021-12-01 15:00:03+00:00,health facility/control measures,neutral
464,2021-12-01 14:54:46+00:00,health facility/control measures,neutral
465,2021-12-01 14:54:34+00:00,health facility/control measures,neutral
466,2021-12-01 14:54:24+00:00,health facility/control measures,neutral
515,2021-12-01 14:45:00+00:00,health facility/control measures,neutral
524,2021-12-01 14:42:30+00:00,health facility/control measures,neutral
527,2021-12-01 14:41:52+00:00,health facility/control measures,neutral
536,2021-12-01 14:40:00+00:00,health facility/control measures,neutral
537,2021-12-01 14:39:50+00:00,health facility/control measures,neutral
539,2021-12-01 14:39:41+00:00,health facility/control measures,neutral
541,2021-12-01 14:39:40+00:00,health facility/control measures,neutral
545,2021-12-01 14:39:05+00:00,health facility/control measures,neutral
562,2021-12-01 14:33:50+00:00,health facility/control measures,neutral
576,2021-12-01 14:31:49+00:00,health facility/control measures,neutral
698,2021-12-01 14:10:09+00:00,health facility/control measures,neutral
707,2021-12-01 14:09:17+00:00,health facility/control measures,neutral
728,2021-12-01 14:04:14+00:00,health facility/control measures,neutral
738,2021-12-01 14:02:46+00:00,health facility/control measures,neutral
755,2021-12-01 14:00:03+00:00,health facility/control measures,neutral
758,2021-12-01 14:00:01+00:00,health facility/control measures,neutral
759,2021-12-01 14:00:01+00:00,health facility/control measures,neutral
760,2021-12-01 14:00:01+00:00,health facility/control measures,neutral
761,2021-12-01 14:00:01+00:00,health facility/control measures,neutral
789,2021-12-01 13:53:14+00:00,health facility/control measures,neutral
814,2021-12-01 13:49:36+00:00,health facility/control measures,neutral
817,2021-12-01 13:47:17+00:00,health facility/control measures,neutral
827,2021-12-01 13:45:28+00:00,health facility/control measures,neutral
836,2021-12-01 13:42:35+00:00,health facility/control measures,neutral
837,2021-12-01 13:42:34+00:00,health facility/control measures,neutral
849,2021-12-01 13:38:21+00:00,health facility/control measures,neutral
850,2021-12-01 13:38:12+00:00,health facility/control measures,neutral
856,2021-12-01 13:36:20+00:00,health facility/control measures,neutral
860,2021-12-01 13:34:57+00:00,health facility/control measures,neutral
872,2021-12-01 13:34:03+00:00,health facility/control measures,neutral
890,2021-12-01 13:31:07+00:00,health facility/control measures,neutral
949,2021-12-01 13:17:31+00:00,health facility/control measures,neutral
433,2021-12-01 15:02:00+00:00,health facility/control measures,positive
488,2021-12-01 14:50:36+00:00,health facility/control measures,positive
558,2021-12-01 14:35:19+00:00,health facility/control measures,positive
700,2021-12-01 14:10:00+00:00,health facility/control measures,positive
824,2021-12-01 13:46:08+00:00,health facility/control measures,positive
2,2021-12-01 16:51:49+00:00,news,neutral
3,2021-12-01 16:51:31+00:00,news,negative
4,2021-12-01 16:51:30+00:00,anti vaccine,negative
5,2021-12-01 16:51:29+00:00,news,neutral
6,2021-12-01 16:51:20+00:00,news,positive
7,2021-12-01 16:51:04+00:00,vaccine effects,negative
8,2021-12-01 16:50:57+00:00,vaccine effects,negative
9,2021-12-01 16:50:47+00:00,pandemic effects,negative
10,2021-12-01 16:50:24+00:00,vaccine effects,negative
11,2021-12-01 16:50:03+00:00,pandemic effects,negative
12,2021-12-01 16:49:46+00:00,news,neutral
13,2021-12-01 16:49:45+00:00,news,neutral
14,2021-12-01 16:49:45+00:00,news,neutral
15,2021-12-01 16:49:37+00:00,pandemic effects,negative
16,2021-12-01 16:49:23+00:00,pro vax,positive
18,2021-12-01 16:48:57+00:00,news,positive
19,2021-12-01 16:48:32+00:00,news,neutral
20,2021-12-01 16:47:53+00:00,pandemic effects,neutral
21,2021-12-01 16:47:47+00:00,news,neutral
22,2021-12-01 16:47:44+00:00,news,neutral
23,2021-12-01 16:47:29+00:00,news,neutral
24,2021-12-01 16:47:26+00:00,pro vax,positive
25,2021-12-01 16:46:58+00:00,news,neutral
26,2021-12-01 16:46:57+00:00,news,neutral
27,2021-12-01 16:46:46+00:00,news,neutral
28,2021-12-01 16:46:11+00:00,news,neutral
29,2021-12-01 16:46:04+00:00,pro vax,positive
30,2021-12-01 16:45:56+00:00,anti vaccine,neutral
31,2021-12-01 16:45:55+00:00,news,neutral
32,2021-12-01 16:45:47+00:00,news,positive
33,2021-12-01 16:45:45+00:00,news,neutral
34,2021-12-01 16:45:44+00:00,news,positive
35,2021-12-01 16:45:36+00:00,news,neutral
39,2021-12-01 16:44:13+00:00,news,neutral
41,2021-12-01 16:44:03+00:00,news,neutral
42,2021-12-01 16:43:35+00:00,vaccine effects,negative
43,2021-12-01 16:43:26+00:00,news,neutral
44,2021-12-01 16:43:05+00:00,vaccine effects,neutral
45,2021-12-01 16:42:57+00:00,vaccine effects,negative
46,2021-12-01 16:42:48+00:00,anti vaccine,negative
47,2021-12-01 16:42:47+00:00,pro vax,neutral
48,2021-12-01 16:42:28+00:00,news,negative
49,2021-12-01 16:42:27+00:00,vaccine effects,negative
50,2021-12-01 16:42:19+00:00,joke,neutral
51,2021-12-01 16:42:17+00:00,news,neutral
52,2021-12-01 16:42:09+00:00,news,neutral
54,2021-12-01 16:41:57+00:00,vaccine effects,negative
55,2021-12-01 16:41:18+00:00,news,neutral
56,2021-12-01 16:40:56+00:00,infections,negative
57,2021-12-01 16:40:55+00:00,news,negative
58,2021-12-01 16:40:35+00:00,vaccine effects,negative
61,2021-12-01 16:39:30+00:00,news,neutral
62,2021-12-01 16:38:56+00:00,news,negative
63,2021-12-01 16:38:51+00:00,news,negative
64,2021-12-01 16:38:14+00:00,pro vax,positive
65,2021-12-01 16:38:12+00:00,news,neutral
66,2021-12-01 16:37:55+00:00,news,negative
67,2021-12-01 16:37:31+00:00,vaccine effects,neutral
68,2021-12-01 16:36:43+00:00,news,neutral
69,2021-12-01 16:36:00+00:00,vaccine effects,neutral
70,2021-12-01 16:35:53+00:00,vaccine effects,negative
71,2021-12-01 16:35:40+00:00,news,neutral
72,2021-12-01 16:35:36+00:00,news,neutral
73,2021-12-01 16:35:31+00:00,joke,negative
74,2021-12-01 16:35:03+00:00,pro vax,neutral
75,2021-12-01 16:34:39+00:00,news,neutral
76,2021-12-01 16:34:36+00:00,news,neutral
77,2021-12-01 16:34:28+00:00,news,neutral
78,2021-12-01 16:34:22+00:00,news,neutral
79,2021-12-01 16:34:07+00:00,news,neutral
80,2021-12-01 16:33:45+00:00,pro vax,positive
81,2021-12-01 16:33:37+00:00,vaccine effects,negative
82,2021-12-01 16:32:46+00:00,joke,neutral
83,2021-12-01 16:32:42+00:00,vaccine effects,negative
84,2021-12-01 16:32:33+00:00,news,neutral
85,2021-12-01 16:32:25+00:00,pro vax,positive
86,2021-12-01 16:32:14+00:00,news,neutral
87,2021-12-01 16:31:52+00:00,vaccine effects,positive
88,2021-12-01 16:31:40+00:00,news,negative
89,2021-12-01 16:31:33+00:00,anti vaccine,negative
90,2021-12-01 16:30:16+00:00,news,positive
91,2021-12-01 16:30:05+00:00,news,negative
92,2021-12-01 16:30:04+00:00,news,negative
94,2021-12-01 16:30:03+00:00,vaccine effects,neutral
95,2021-12-01 16:29:51+00:00,news,negative
96,2021-12-01 16:29:45+00:00,news,negative
97,2021-12-01 16:29:20+00:00,news,neutral
98,2021-12-01 16:29:17+00:00,news,neutral
99,2021-12-01 16:29:12+00:00,news,negative
100,2021-12-01 16:29:11+00:00,joke,negative
101,2021-12-01 16:28:46+00:00,news,neutral
102,2021-12-01 16:28:34+00:00,news,negative
103,2021-12-01 16:28:03+00:00,news,neutral
104,2021-12-01 16:27:48+00:00,news,neutral
105,2021-12-01 16:27:28+00:00,news,neutral
106,2021-12-01 16:27:25+00:00,news,neutral
107,2021-12-01 16:26:06+00:00,news,neutral
109,2021-12-01 16:25:58+00:00,news,neutral
110,2021-12-01 16:24:58+00:00,news,negative
111,2021-12-01 16:24:28+00:00,joke,negative
112,2021-12-01 16:24:23+00:00,vaccine effects,negative
113,2021-12-01 16:23:47+00:00,news,neutral
114,2021-12-01 16:23:34+00:00,news,neutral
115,2021-12-01 16:23:11+00:00,news,neutral
116,2021-12-01 16:22:54+00:00,news,negative
117,2021-12-01 16:22:42+00:00,pandemic effects,negative
118,2021-12-01 16:22:17+00:00,vaccine effects,negative
119,2021-12-01 16:22:03+00:00,pro vax,positive
120,2021-12-01 16:21:51+00:00,joke,negative
121,2021-12-01 16:21:50+00:00,news,positive
122,2021-12-01 16:21:32+00:00,news,neutral
123,2021-12-01 16:21:20+00:00,vaccine effects,neutral
126,2021-12-01 16:21:00+00:00,news,neutral
127,2021-12-01 16:20:59+00:00,news,neutral
128,2021-12-01 16:20:46+00:00,news,neutral
129,2021-12-01 16:20:28+00:00,news,neutral
130,2021-12-01 16:20:18+00:00,anti vaccine,negative
131,2021-12-01 16:20:18+00:00,news,neutral
132,2021-12-01 16:20:15+00:00,news,positive
133,2021-12-01 16:20:13+00:00,news,neutral
134,2021-12-01 16:20:11+00:00,vaccine effects,negative
135,2021-12-01 16:20:00+00:00,news,positive
136,2021-12-01 16:19:47+00:00,news,neutral
137,2021-12-01 16:19:46+00:00,news,neutral
138,2021-12-01 16:19:26+00:00,pandemic effects,negative
139,2021-12-01 16:18:26+00:00,vaccine effects,negative
140,2021-12-01 16:18:19+00:00,news,negative
141,2021-12-01 16:18:14+00:00,joke,neutral
142,2021-12-01 16:17:58+00:00,news,neutral
143,2021-12-01 16:17:35+00:00,news,neutral
144,2021-12-01 16:16:50+00:00,pro vax,positive
145,2021-12-01 16:16:35+00:00,pro vax,positive
146,2021-12-01 16:16:12+00:00,news,neutral
147,2021-12-01 16:16:11+00:00,news,neutral
148,2021-12-01 16:16:10+00:00,news,positive
149,2021-12-01 16:16:08+00:00,news,neutral
150,2021-12-01 16:16:07+00:00,news,neutral
151,2021-12-01 16:16:04+00:00,vaccine effects,neutral
152,2021-12-01 16:16:02+00:00,news,negative
153,2021-12-01 16:15:35+00:00,news,positive
154,2021-12-01 16:15:15+00:00,news,neutral
155,2021-12-01 16:15:03+00:00,news,positive
156,2021-12-01 16:14:55+00:00,news,neutral
157,2021-12-01 16:14:38+00:00,news,neutral
158,2021-12-01 16:14:26+00:00,vaccine effects,positive
159,2021-12-01 16:14:16+00:00,anti vaccine,negative
160,2021-12-01 16:14:08+00:00,vaccine effects,negative
161,2021-12-01 16:14:00+00:00,vaccine effects,positive
162,2021-12-01 16:13:51+00:00,pro vax,positive
164,2021-12-01 16:12:28+00:00,news,positive
165,2021-12-01 16:12:20+00:00,news,neutral
166,2021-12-01 16:11:30+00:00,news,neutral
167,2021-12-01 16:11:13+00:00,vaccine effects,negative
168,2021-12-01 16:11:03+00:00,news,neutral
169,2021-12-01 16:10:42+00:00,pro vax,positive
170,2021-12-01 16:10:25+00:00,news,neutral
172,2021-12-01 16:09:49+00:00,news,neutral
173,2021-12-01 16:09:40+00:00,news,neutral
174,2021-12-01 16:09:28+00:00,news,neutral
175,2021-12-01 16:09:15+00:00,news,neutral
176,2021-12-01 16:09:08+00:00,news,positive
177,2021-12-01 16:09:03+00:00,news,neutral
178,2021-12-01 16:09:00+00:00,news,neutral
179,2021-12-01 16:08:45+00:00,vaccine effects,negative
180,2021-12-01 16:08:38+00:00,news,neutral
181,2021-12-01 16:08:28+00:00,news,neutral
182,2021-12-01 16:08:03+00:00,news,neutral
183,2021-12-01 16:07:59+00:00,news,neutral
184,2021-12-01 16:07:24+00:00,pro vax,positive
185,2021-12-01 16:07:00+00:00,news,positive
186,2021-12-01 16:06:57+00:00,news,neutral
187,2021-12-01 16:06:48+00:00,news,neutral
188,2021-12-01 16:06:48+00:00,vaccine effects,negative
189,2021-12-01 16:06:31+00:00,anti vaccine,negative
190,2021-12-01 16:06:25+00:00,news,neutral
191,2021-12-01 16:06:14+00:00,news,neutral
192,2021-12-01 16:05:36+00:00,vaccine effects,negative
193,2021-12-01 16:05:36+00:00,news,neutral
195,2021-12-01 16:05:02+00:00,vaccine effects,negative
196,2021-12-01 16:05:00+00:00,news,negative
197,2021-12-01 16:04:49+00:00,news,neutral
198,2021-12-01 16:04:44+00:00,news,neutral
199,2021-12-01 16:04:22+00:00,news,neutral
200,2021-12-01 16:03:34+00:00,news,neutral
201,2021-12-01 16:03:14+00:00,news,neutral
202,2021-12-01 16:03:01+00:00,news,neutral
203,2021-12-01 16:02:42+00:00,news,neutral
204,2021-12-01 16:02:13+00:00,news,positive
205,2021-12-01 16:01:58+00:00,pro vax,positive
206,2021-12-01 16:01:56+00:00,news,neutral
211,2021-12-01 16:01:12+00:00,news,neutral
212,2021-12-01 16:00:57+00:00,news,neutral
213,2021-12-01 16:00:51+00:00,news,positive
214,2021-12-01 16:00:48+00:00,news,negative
215,2021-12-01 16:00:31+00:00,news,neutral
216,2021-12-01 16:00:30+00:00,news,negative
217,2021-12-01 16:00:23+00:00,news,negative
218,2021-12-01 16:00:19+00:00,news,positive
220,2021-12-01 16:00:12+00:00,news,neutral
221,2021-12-01 16:00:05+00:00,news,neutral
224,2021-12-01 16:00:00+00:00,news,neutral
225,2021-12-01 15:59:38+00:00,news,neutral
226,2021-12-01 15:58:53+00:00,news,neutral
227,2021-12-01 15:58:28+00:00,news,neutral
228,2021-12-01 15:58:22+00:00,pro vax,positive
229,2021-12-01 15:57:22+00:00,news,neutral
230,2021-12-01 15:57:05+00:00,news,neutral
231,2021-12-01 15:56:13+00:00,news,neutral
232,2021-12-01 15:55:44+00:00,news,neutral
234,2021-12-01 15:55:34+00:00,news,positive
235,2021-12-01 15:55:29+00:00,news,neutral
236,2021-12-01 15:55:15+00:00,infections,positive
237,2021-12-01 15:54:47+00:00,news,positive
238,2021-12-01 15:54:26+00:00,news,negative
239,2021-12-01 15:54:19+00:00,news,neutral
240,2021-12-01 15:54:05+00:00,news,neutral
241,2021-12-01 15:53:58+00:00,pro vax,neutral
242,2021-12-01 15:53:26+00:00,news,negative
243,2021-12-01 15:53:19+00:00,vaccine effects,negative
244,2021-12-01 15:53:15+00:00,news,negative
247,2021-12-01 15:51:49+00:00,news,neutral
248,2021-12-01 15:50:26+00:00,news,neutral
249,2021-12-01 15:50:12+00:00,pandemic effects,neutral
250,2021-12-01 15:49:32+00:00,news,neutral
251,2021-12-01 15:49:29+00:00,news,neutral
252,2021-12-01 15:49:23+00:00,news,neutral
253,2021-12-01 15:49:20+00:00,vaccine effects,neutral
254,2021-12-01 15:48:59+00:00,news,neutral
255,2021-12-01 15:48:49+00:00,news,neutral
256,2021-12-01 15:48:41+00:00,news,neutral
258,2021-12-01 15:48:22+00:00,news,neutral
259,2021-12-01 15:48:13+00:00,pro vax,positive
260,2021-12-01 15:47:45+00:00,news,neutral
261,2021-12-01 15:47:30+00:00,news,neutral
262,2021-12-01 15:47:14+00:00,pro vax,positive
263,2021-12-01 15:47:05+00:00,vaccine effects,negative
265,2021-12-01 15:46:32+00:00,vaccine effects,negative
266,2021-12-01 15:45:56+00:00,news,positive
269,2021-12-01 15:45:30+00:00,news,neutral
270,2021-12-01 15:45:23+00:00,vaccine effects,negative
271,2021-12-01 15:44:55+00:00,vaccine effects,positive
273,2021-12-01 15:44:50+00:00,news,positive
274,2021-12-01 15:44:49+00:00,vaccine effects,negative
275,2021-12-01 15:44:25+00:00,news,neutral
276,2021-12-01 15:44:00+00:00,vaccine effects,neutral
277,2021-12-01 15:43:53+00:00,news,neutral
278,2021-12-01 15:43:33+00:00,anti vaccine,neutral
279,2021-12-01 15:43:31+00:00,pro vax,positive
280,2021-12-01 15:43:24+00:00,news,neutral
281,2021-12-01 15:42:34+00:00,vaccine effects,negative
282,2021-12-01 15:42:18+00:00,news,neutral
283,2021-12-01 15:41:48+00:00,pro vax,positive
284,2021-12-01 15:41:35+00:00,joke,positive
286,2021-12-01 15:41:28+00:00,news,neutral
287,2021-12-01 15:41:09+00:00,news,neutral
288,2021-12-01 15:40:56+00:00,news,positive
289,2021-12-01 15:40:52+00:00,pro vax,positive
290,2021-12-01 15:40:37+00:00,news,neutral
291,2021-12-01 15:40:28+00:00,news,neutral
292,2021-12-01 15:40:27+00:00,anti vaccine,negative
293,2021-12-01 15:40:17+00:00,news,neutral
294,2021-12-01 15:39:32+00:00,news,neutral
295,2021-12-01 15:39:00+00:00,vaccine effects,negative
296,2021-12-01 15:38:01+00:00,news,neutral
297,2021-12-01 15:38:01+00:00,vaccine effects,negative
298,2021-12-01 15:37:42+00:00,news,neutral
299,2021-12-01 15:37:41+00:00,news,neutral
300,2021-12-01 15:37:39+00:00,news,neutral
301,2021-12-01 15:37:38+00:00,news,neutral
302,2021-12-01 15:37:24+00:00,news,negative
303,2021-12-01 15:37:10+00:00,news,neutral
304,2021-12-01 15:36:46+00:00,news,neutral
305,2021-12-01 15:36:46+00:00,news,neutral
306,2021-12-01 15:36:17+00:00,news,neutral
307,2021-12-01 15:36:03+00:00,joke,negative
308,2021-12-01 15:35:10+00:00,news,neutral
309,2021-12-01 15:35:04+00:00,news,neutral
310,2021-12-01 15:35:00+00:00,news,neutral
312,2021-12-01 15:34:42+00:00,news,positive
313,2021-12-01 15:34:28+00:00,news,positive
314,2021-12-01 15:34:23+00:00,pro vax,neutral
316,2021-12-01 15:34:04+00:00,news,positive
317,2021-12-01 15:33:23+00:00,news,neutral
318,2021-12-01 15:32:57+00:00,news,neutral
319,2021-12-01 15:32:42+00:00,news,neutral
320,2021-12-01 15:32:38+00:00,news,neutral
322,2021-12-01 15:31:50+00:00,news,neutral
323,2021-12-01 15:31:22+00:00,pandemic effects,negative
324,2021-12-01 15:31:09+00:00,news,positive
325,2021-12-01 15:31:03+00:00,news,neutral
326,2021-12-01 15:30:56+00:00,news,neutral
327,2021-12-01 15:30:39+00:00,news,neutral
328,2021-12-01 15:30:22+00:00,news,negative
329,2021-12-01 15:29:35+00:00,news,neutral
330,2021-12-01 15:29:16+00:00,news,neutral
331,2021-12-01 15:29:14+00:00,joke,neutral
332,2021-12-01 15:29:03+00:00,news,neutral
333,2021-12-01 15:28:57+00:00,news,neutral
334,2021-12-01 15:28:54+00:00,pro vax,neutral
335,2021-12-01 15:28:16+00:00,news,negative
336,2021-12-01 15:27:58+00:00,news,neutral
337,2021-12-01 15:27:50+00:00,news,neutral
338,2021-12-01 15:27:34+00:00,news,neutral
339,2021-12-01 15:26:59+00:00,news,negative
340,2021-12-01 15:26:52+00:00,news,negative
341,2021-12-01 15:26:52+00:00,news,neutral
342,2021-12-01 15:26:44+00:00,news,negative
343,2021-12-01 15:26:30+00:00,news,neutral
344,2021-12-01 15:25:21+00:00,news,neutral
345,2021-12-01 15:25:00+00:00,news,neutral
346,2021-12-01 15:24:12+00:00,pandemic effects,negative
347,2021-12-01 15:23:30+00:00,news,neutral
349,2021-12-01 15:23:28+00:00,news,neutral
350,2021-12-01 15:22:43+00:00,news,neutral
351,2021-12-01 15:22:19+00:00,news,neutral
352,2021-12-01 15:21:38+00:00,news,neutral
353,2021-12-01 15:21:22+00:00,news,neutral
354,2021-12-01 15:21:17+00:00,news,neutral
355,2021-12-01 15:20:45+00:00,pro vax,positive
356,2021-12-01 15:20:39+00:00,news,neutral
357,2021-12-01 15:19:51+00:00,news,neutral
358,2021-12-01 15:19:27+00:00,vaccine effects,negative
359,2021-12-01 15:19:23+00:00,news,neutral
360,2021-12-01 15:19:19+00:00,news,neutral
361,2021-12-01 15:19:05+00:00,pandemic effects,negative
362,2021-12-01 15:19:05+00:00,pandemic effects,negative
363,2021-12-01 15:18:59+00:00,joke,neutral
364,2021-12-01 15:18:57+00:00,joke,neutral
365,2021-12-01 15:18:44+00:00,news,neutral
366,2021-12-01 15:18:00+00:00,news,neutral
367,2021-12-01 15:17:36+00:00,news,neutral
368,2021-12-01 15:17:08+00:00,news,neutral
369,2021-12-01 15:17:06+00:00,news,neutral
371,2021-12-01 15:16:15+00:00,news,neutral
372,2021-12-01 15:16:00+00:00,news,neutral
373,2021-12-01 15:15:47+00:00,news,neutral
374,2021-12-01 15:15:04+00:00,news,negative
375,2021-12-01 15:15:03+00:00,news,neutral
376,2021-12-01 15:14:51+00:00,news,negative
377,2021-12-01 15:14:42+00:00,vaccine effects,negative
378,2021-12-01 15:14:41+00:00,news,neutral
379,2021-12-01 15:14:28+00:00,news,neutral
380,2021-12-01 15:14:14+00:00,news,neutral
381,2021-12-01 15:14:02+00:00,news,neutral
382,2021-12-01 15:13:53+00:00,vaccine effects,negative
383,2021-12-01 15:13:47+00:00,news,neutral
384,2021-12-01 15:13:36+00:00,news,neutral
385,2021-12-01 15:13:36+00:00,news,neutral
386,2021-12-01 15:13:29+00:00,joke,neutral
387,2021-12-01 15:13:25+00:00,news,neutral
388,2021-12-01 15:13:16+00:00,vaccine effects,negative
389,2021-12-01 15:13:09+00:00,news,negative
390,2021-12-01 15:12:54+00:00,news,negative
391,2021-12-01 15:12:46+00:00,vaccine effects,negative
392,2021-12-01 15:12:30+00:00,news,neutral
393,2021-12-01 15:11:02+00:00,news,neutral
394,2021-12-01 15:11:01+00:00,news,neutral
395,2021-12-01 15:10:56+00:00,news,positive
396,2021-12-01 15:10:47+00:00,news,neutral
397,2021-12-01 15:10:44+00:00,news,neutral
398,2021-12-01 15:10:10+00:00,news,neutral
399,2021-12-01 15:10:06+00:00,news,neutral
400,2021-12-01 15:10:03+00:00,news,neutral
401,2021-12-01 15:09:55+00:00,news,neutral
402,2021-12-01 15:09:41+00:00,news,neutral
403,2021-12-01 15:09:38+00:00,news,neutral
404,2021-12-01 15:08:07+00:00,news,neutral
405,2021-12-01 15:07:17+00:00,news,negative
406,2021-12-01 15:06:58+00:00,news,positive
407,2021-12-01 15:06:38+00:00,vaccine effects,negative
408,2021-12-01 15:06:37+00:00,pro vax,positive
409,2021-12-01 15:06:20+00:00,news,neutral
410,2021-12-01 15:06:08+00:00,news,negative
411,2021-12-01 15:06:02+00:00,news,neutral
412,2021-12-01 15:05:22+00:00,vaccine effects,negative
413,2021-12-01 15:05:14+00:00,vaccine effects,negative
414,2021-12-01 15:05:10+00:00,vaccine effects,negative
415,2021-12-01 15:05:10+00:00,news,neutral
416,2021-12-01 15:05:08+00:00,news,negative
417,2021-12-01 15:05:08+00:00,news,neutral
418,2021-12-01 15:04:44+00:00,news,neutral
419,2021-12-01 15:04:38+00:00,news,neutral
420,2021-12-01 15:04:38+00:00,vaccine effects,negative
421,2021-12-01 15:04:34+00:00,news,positive
422,2021-12-01 15:04:33+00:00,news,neutral
424,2021-12-01 15:03:51+00:00,news,neutral
425,2021-12-01 15:03:45+00:00,news,neutral
426,2021-12-01 15:03:43+00:00,news,neutral
427,2021-12-01 15:03:36+00:00,news,neutral
428,2021-12-01 15:03:09+00:00,news,neutral
429,2021-12-01 15:03:05+00:00,vaccine effects,negative
430,2021-12-01 15:02:48+00:00,anti vaccine,neutral
431,2021-12-01 15:02:32+00:00,pro vax,neutral
432,2021-12-01 15:02:12+00:00,pro vax,neutral
434,2021-12-01 15:02:00+00:00,pro vax,negative
435,2021-12-01 15:01:50+00:00,news,neutral
437,2021-12-01 15:01:12+00:00,pro vax,positive
438,2021-12-01 15:01:10+00:00,vaccine effects,negative
439,2021-12-01 15:01:00+00:00,pro vax,positive
440,2021-12-01 15:00:47+00:00,vaccine effects,negative
441,2021-12-01 15:00:46+00:00,anti vaccine,negative
442,2021-12-01 15:00:11+00:00,anti vaccine,neutral
443,2021-12-01 15:00:05+00:00,vaccine effects,negative
445,2021-12-01 15:00:01+00:00,joke,neutral
446,2021-12-01 14:59:54+00:00,pandemic effects,neutral
447,2021-12-01 14:59:41+00:00,pandemic effects,neutral
448,2021-12-01 14:59:27+00:00,infections,neutral
449,2021-12-01 14:59:20+00:00,joke,neutral
450,2021-12-01 14:58:25+00:00,infections,negative
451,2021-12-01 14:58:20+00:00,pandemic effects,neutral
452,2021-12-01 14:58:16+00:00,vaccine effects,negative
453,2021-12-01 14:58:11+00:00,pandemic effects,neutral
454,2021-12-01 14:57:46+00:00,vaccine effects,neutral
455,2021-12-01 14:57:37+00:00,pandemic effects,neutral
456,2021-12-01 14:57:16+00:00,anti vaccine,neutral
457,2021-12-01 14:56:54+00:00,news,neutral
458,2021-12-01 14:56:14+00:00,anti vaccine,neutral
459,2021-12-01 14:55:50+00:00,news,neutral
460,2021-12-01 14:55:21+00:00,infections,neutral
461,2021-12-01 14:55:02+00:00,infections,neutral
462,2021-12-01 14:55:01+00:00,pro vax,positive
463,2021-12-01 14:55:01+00:00,infections,neutral
467,2021-12-01 14:54:08+00:00,news,neutral
468,2021-12-01 14:54:00+00:00,anti vaccine,neutral
469,2021-12-01 14:53:51+00:00,pro vax,positive
470,2021-12-01 14:53:46+00:00,anti vaccine,negative
471,2021-12-01 14:53:44+00:00,vaccine effects,negative
472,2021-12-01 14:53:36+00:00,news,neutral
473,2021-12-01 14:53:34+00:00,joke,neutral
474,2021-12-01 14:53:14+00:00,infections,negative
475,2021-12-01 14:52:44+00:00,infections,neutral
476,2021-12-01 14:52:22+00:00,vaccine effects,negative
477,2021-12-01 14:52:14+00:00,anti vaccine,neutral
478,2021-12-01 14:52:12+00:00,pandemic effects,neutral
479,2021-12-01 14:51:48+00:00,vaccine effects,neutral
480,2021-12-01 14:51:28+00:00,vaccine effects,negative
481,2021-12-01 14:51:17+00:00,anti vaccine,neutral
482,2021-12-01 14:51:16+00:00,anti vaccine,neutral
483,2021-12-01 14:51:03+00:00,anti vaccine,neutral
484,2021-12-01 14:51:00+00:00,anti vaccine,neutral
485,2021-12-01 14:50:55+00:00,infections,negative
486,2021-12-01 14:50:45+00:00,anti vaccine,neutral
487,2021-12-01 14:50:39+00:00,vaccine effects,negative
489,2021-12-01 14:50:24+00:00,pro vax,positive
490,2021-12-01 14:50:23+00:00,joke,negative
491,2021-12-01 14:50:14+00:00,pro vax,positive
492,2021-12-01 14:50:04+00:00,pro vax,positive
493,2021-12-01 14:49:41+00:00,vaccine effects,negative
494,2021-12-01 14:48:17+00:00,vaccine effects,negative
495,2021-12-01 14:47:59+00:00,infections,neutral
496,2021-12-01 14:47:54+00:00,pro vax,positive
497,2021-12-01 14:47:45+00:00,vaccine effects,negative
498,2021-12-01 14:47:30+00:00,anti vaccine,neutral
499,2021-12-01 14:47:28+00:00,vaccine effects,neutral
500,2021-12-01 14:47:18+00:00,vaccine effects,negative
501,2021-12-01 14:47:12+00:00,pro vax,positive
502,2021-12-01 14:47:12+00:00,vaccine effects,negative
503,2021-12-01 14:47:11+00:00,vaccine effects,negative
504,2021-12-01 14:47:05+00:00,anti vaccine,neutral
505,2021-12-01 14:47:05+00:00,vaccine effects,neutral
506,2021-12-01 14:46:47+00:00,pro vax,positive
507,2021-12-01 14:46:27+00:00,anti vaccine,neutral
508,2021-12-01 14:46:03+00:00,pro vax,positive
509,2021-12-01 14:45:52+00:00,pro vax,positive
510,2021-12-01 14:45:25+00:00,pandemic effects,neutral
511,2021-12-01 14:45:10+00:00,vaccine effects,negative
512,2021-12-01 14:45:08+00:00,vaccine effects,negative
513,2021-12-01 14:45:07+00:00,infections,neutral
514,2021-12-01 14:45:05+00:00,infections,neutral
516,2021-12-01 14:44:18+00:00,vaccine effects,negative
517,2021-12-01 14:44:16+00:00,infections,neutral
518,2021-12-01 14:43:39+00:00,vaccine effects,negative
519,2021-12-01 14:43:24+00:00,anti vaccine,neutral
520,2021-12-01 14:42:46+00:00,pandemic effects,neutral
521,2021-12-01 14:42:43+00:00,anti vaccine,negative
522,2021-12-01 14:42:37+00:00,pro vax,neutral
523,2021-12-01 14:42:30+00:00,anti vaccine,negative
525,2021-12-01 14:42:17+00:00,vaccine effects,neutral
526,2021-12-01 14:42:12+00:00,anti vaccine,neutral
528,2021-12-01 14:41:24+00:00,vaccine effects,neutral
529,2021-12-01 14:41:23+00:00,vaccine effects,negative
530,2021-12-01 14:41:17+00:00,pandemic effects,positive
531,2021-12-01 14:40:45+00:00,joke,neutral
532,2021-12-01 14:40:29+00:00,pandemic effects,neutral
533,2021-12-01 14:40:28+00:00,pro vax,neutral
534,2021-12-01 14:40:21+00:00,anti vaccine,negative
535,2021-12-01 14:40:15+00:00,joke,neutral
538,2021-12-01 14:39:50+00:00,anti vaccine,neutral
540,2021-12-01 14:39:40+00:00,pro vax,neutral
543,2021-12-01 14:39:22+00:00,vaccine effects,neutral
544,2021-12-01 14:39:18+00:00,vaccine effects,negative
547,2021-12-01 14:38:48+00:00,pandemic effects,neutral
548,2021-12-01 14:38:27+00:00,infections,neutral
551,2021-12-01 14:37:59+00:00,joke,neutral
553,2021-12-01 14:37:36+00:00,joke,negative
554,2021-12-01 14:36:37+00:00,pro vax,positive
555,2021-12-01 14:36:22+00:00,pro vax,neutral
556,2021-12-01 14:35:51+00:00,pro vax,negative
557,2021-12-01 14:35:38+00:00,pro vax,positive
559,2021-12-01 14:34:47+00:00,anti vaccine,positive
560,2021-12-01 14:34:28+00:00,pro vax,neutral
561,2021-12-01 14:34:02+00:00,anti vaccine,negative
563,2021-12-01 14:33:02+00:00,pro vax,neutral
566,2021-12-01 14:32:31+00:00,pro vax,neutral
567,2021-12-01 14:32:26+00:00,infections,neutral
570,2021-12-01 14:32:10+00:00,infections,positive
571,2021-12-01 14:32:06+00:00,pro vax,negative
572,2021-12-01 14:32:04+00:00,pro vax,neutral
574,2021-12-01 14:31:57+00:00,anti vaccine,neutral
578,2021-12-01 14:31:31+00:00,vaccine effects,neutral
581,2021-12-01 14:30:54+00:00,pandemic effects,negative
582,2021-12-01 14:30:53+00:00,pandemic effects,negative
583,2021-12-01 14:30:05+00:00,vaccine effects,negative
585,2021-12-01 14:29:57+00:00,anti vaccine,negative
586,2021-12-01 14:29:56+00:00,pro vax,positive
587,2021-12-01 14:29:53+00:00,vaccine effects,negative
588,2021-12-01 14:29:29+00:00,vaccine effects,negative
589,2021-12-01 14:29:20+00:00,anti vaccine,negative
590,2021-12-01 14:29:05+00:00,anti vaccine,negative
591,2021-12-01 14:29:03+00:00,vaccine effects,positive
592,2021-12-01 14:29:00+00:00,vaccine effects,negative
593,2021-12-01 14:28:43+00:00,anti vaccine,positive
594,2021-12-01 14:28:37+00:00,pro vax,positive
595,2021-12-01 14:28:23+00:00,infections,neutral
596,2021-12-01 14:28:18+00:00,infections,negative
597,2021-12-01 14:28:12+00:00,infections,neutral
598,2021-12-01 14:27:43+00:00,anti vaccine,positive
599,2021-12-01 14:27:20+00:00,anti vaccine,positive
600,2021-12-01 14:27:13+00:00,infections,neutral
601,2021-12-01 14:27:10+00:00,infections,neutral
602,2021-12-01 14:27:09+00:00,infections,positive
603,2021-12-01 14:27:04+00:00,infections,positive
604,2021-12-01 14:26:49+00:00,pandemic effects,positive
605,2021-12-01 14:26:45+00:00,anti vaccine,neutral
606,2021-12-01 14:26:34+00:00,anti vaccine,neutral
607,2021-12-01 14:26:27+00:00,vaccine effects,negative
608,2021-12-01 14:26:09+00:00,vaccine effects,negative
609,2021-12-01 14:26:05+00:00,infections,negative
610,2021-12-01 14:25:54+00:00,joke,negative
611,2021-12-01 14:25:36+00:00,infections,negative
612,2021-12-01 14:25:26+00:00,vaccine effects,neutral
613,2021-12-01 14:25:06+00:00,vaccine effects,negative
614,2021-12-01 14:24:42+00:00,vaccine effects,positive
615,2021-12-01 14:24:36+00:00,pro vax,positive
616,2021-12-01 14:24:23+00:00,infections,negative
617,2021-12-01 14:24:12+00:00,pro vax,positive
618,2021-12-01 14:24:06+00:00,vaccine effects,negative
620,2021-12-01 14:24:01+00:00,vaccine effects,negative
621,2021-12-01 14:23:58+00:00,anti vaccine,positive
622,2021-12-01 14:23:52+00:00,joke,negative
624,2021-12-01 14:23:45+00:00,pro vax,positive
625,2021-12-01 14:23:05+00:00,vaccine effects,negative
626,2021-12-01 14:23:04+00:00,pandemic effects,neutral
628,2021-12-01 14:22:51+00:00,infections,neutral
629,2021-12-01 14:22:46+00:00,anti vaccine,positive
630,2021-12-01 14:22:31+00:00,infections,positive
631,2021-12-01 14:22:13+00:00,anti vaccine,neutral
632,2021-12-01 14:22:07+00:00,infections,neutral
633,2021-12-01 14:21:10+00:00,infections,negative
634,2021-12-01 14:21:02+00:00,anti vaccine,positive
635,2021-12-01 14:20:45+00:00,vaccine effects,negative
636,2021-12-01 14:20:42+00:00,joke,neutral
637,2021-12-01 14:20:26+00:00,infections,negative
638,2021-12-01 14:20:17+00:00,infections,negative
639,2021-12-01 14:20:14+00:00,infections,negative
640,2021-12-01 14:19:58+00:00,anti vaccine,negative
641,2021-12-01 14:19:54+00:00,joke,neutral
642,2021-12-01 14:19:46+00:00,infections,negative
643,2021-12-01 14:19:39+00:00,infections,negative
644,2021-12-01 14:19:31+00:00,infections,neutral
645,2021-12-01 14:18:22+00:00,infections,positive
646,2021-12-01 14:17:49+00:00,pandemic effects,negative
647,2021-12-01 14:17:44+00:00,anti vaccine,neutral
648,2021-12-01 14:17:44+00:00,anti vaccine,neutral
649,2021-12-01 14:17:44+00:00,infections,neutral
650,2021-12-01 14:17:28+00:00,infections,neutral
651,2021-12-01 14:17:01+00:00,anti vaccine,neutral
652,2021-12-01 14:16:42+00:00,anti vaccine,negative
653,2021-12-01 14:16:39+00:00,vaccine effects,negative
654,2021-12-01 14:16:16+00:00,infections,neutral
655,2021-12-01 14:16:12+00:00,infections,neutral
656,2021-12-01 14:16:12+00:00,infections,neutral
657,2021-12-01 14:15:48+00:00,joke,negative
658,2021-12-01 14:15:40+00:00,anti vaccine,neutral
660,2021-12-01 14:15:32+00:00,joke,neutral
661,2021-12-01 14:15:24+00:00,pandemic effects,negative
662,2021-12-01 14:15:11+00:00,anti vaccine,negative
663,2021-12-01 14:15:10+00:00,anti vaccine,negative
664,2021-12-01 14:15:05+00:00,anti vaccine,neutral
666,2021-12-01 14:15:00+00:00,pro vax,positive
667,2021-12-01 14:14:52+00:00,anti vaccine,negative
668,2021-12-01 14:14:47+00:00,anti vaccine,neutral
669,2021-12-01 14:14:47+00:00,infections,neutral
670,2021-12-01 14:13:56+00:00,anti vaccine,negative
672,2021-12-01 14:13:48+00:00,pro vax,neutral
673,2021-12-01 14:13:44+00:00,infections,positive
674,2021-12-01 14:13:30+00:00,anti vaccine,neutral
675,2021-12-01 14:13:25+00:00,anti vaccine,neutral
676,2021-12-01 14:13:18+00:00,anti vaccine,negative
677,2021-12-01 14:13:08+00:00,anti vaccine,positive
678,2021-12-01 14:13:07+00:00,infections,negative
680,2021-12-01 14:12:16+00:00,infections,neutral
681,2021-12-01 14:12:05+00:00,anti vaccine,neutral
682,2021-12-01 14:11:53+00:00,vaccine effects,negative
683,2021-12-01 14:11:51+00:00,vaccine effects,negative
684,2021-12-01 14:11:50+00:00,infections,negative
685,2021-12-01 14:11:42+00:00,anti vaccine,neutral
686,2021-12-01 14:11:41+00:00,anti vaccine,positive
687,2021-12-01 14:11:37+00:00,infections,positive
688,2021-12-01 14:11:36+00:00,anti vaccine,negative
689,2021-12-01 14:11:35+00:00,infections,negative
692,2021-12-01 14:10:54+00:00,anti vaccine,positive
693,2021-12-01 14:10:54+00:00,anti vaccine,negative
694,2021-12-01 14:10:52+00:00,anti vaccine,positive
695,2021-12-01 14:10:51+00:00,vaccine effects,negative
696,2021-12-01 14:10:47+00:00,anti vaccine,negative
697,2021-12-01 14:10:11+00:00,joke,neutral
699,2021-12-01 14:10:07+00:00,vaccine effects,neutral
701,2021-12-01 14:09:55+00:00,anti vaccine,negative
702,2021-12-01 14:09:54+00:00,anti vaccine,negative
703,2021-12-01 14:09:37+00:00,infections,negative
704,2021-12-01 14:09:35+00:00,anti vaccine,neutral
705,2021-12-01 14:09:26+00:00,vaccine effects,negative
706,2021-12-01 14:09:23+00:00,joke,neutral
708,2021-12-01 14:09:03+00:00,infections,neutral
710,2021-12-01 14:08:47+00:00,anti vaccine,neutral
711,2021-12-01 14:08:29+00:00,vaccine effects,negative
712,2021-12-01 14:08:09+00:00,pro vax,positive
713,2021-12-01 14:07:56+00:00,anti vaccine,neutral
714,2021-12-01 14:07:50+00:00,anti vaccine,negative
715,2021-12-01 14:07:48+00:00,vaccine effects,neutral
716,2021-12-01 14:07:39+00:00,vaccine effects,positive
717,2021-12-01 14:06:51+00:00,anti vaccine,negative
718,2021-12-01 14:05:50+00:00,anti vaccine,negative
720,2021-12-01 14:05:46+00:00,vaccine effects,negative
721,2021-12-01 14:05:39+00:00,vaccine effects,negative
722,2021-12-01 14:05:36+00:00,vaccine effects,positive
723,2021-12-01 14:05:04+00:00,vaccine effects,negative
724,2021-12-01 14:04:52+00:00,joke,neutral
725,2021-12-01 14:04:41+00:00,pro vax,positive
726,2021-12-01 14:04:36+00:00,anti vaccine,negative
727,2021-12-01 14:04:26+00:00,vaccine effects,negative
729,2021-12-01 14:03:59+00:00,vaccine effects,negative
730,2021-12-01 14:03:33+00:00,anti vaccine,negative
731,2021-12-01 14:03:18+00:00,vaccine effects,positive
732,2021-12-01 14:03:14+00:00,pro vax,positive
733,2021-12-01 14:03:13+00:00,pro vax,positive
734,2021-12-01 14:03:12+00:00,vaccine effects,negative
735,2021-12-01 14:03:01+00:00,anti vaccine,neutral
736,2021-12-01 14:03:00+00:00,anti vaccine,negative
737,2021-12-01 14:02:48+00:00,pro vax,positive
741,2021-12-01 14:02:21+00:00,anti vaccine,negative
742,2021-12-01 14:02:14+00:00,vaccine effects,neutral
743,2021-12-01 14:02:12+00:00,vaccine effects,neutral
744,2021-12-01 14:01:58+00:00,vaccine effects,neutral
745,2021-12-01 14:01:51+00:00,anti vaccine,negative
747,2021-12-01 14:01:22+00:00,pro vax,positive
748,2021-12-01 14:01:20+00:00,pro vax,positive
749,2021-12-01 14:01:10+00:00,pro vax,neutral
750,2021-12-01 14:00:40+00:00,vaccine effects,neutral
751,2021-12-01 14:00:34+00:00,vaccine effects,negative
752,2021-12-01 14:00:14+00:00,pro vax,negative
753,2021-12-01 14:00:07+00:00,joke,neutral
754,2021-12-01 14:00:03+00:00,anti vaccine,neutral
756,2021-12-01 14:00:02+00:00,anti vaccine,neutral
757,2021-12-01 14:00:02+00:00,pro vax,neutral
762,2021-12-01 14:00:00+00:00,vaccine effects,neutral
763,2021-12-01 13:59:54+00:00,anti vaccine,neutral
764,2021-12-01 13:59:20+00:00,anti vaccine,negative
765,2021-12-01 13:58:58+00:00,pro vax,negative
766,2021-12-01 13:58:49+00:00,vaccine effects,negative
767,2021-12-01 13:58:49+00:00,vaccine effects,negative
768,2021-12-01 13:58:46+00:00,vaccine effects,neutral
769,2021-12-01 13:58:24+00:00,anti vaccine,neutral
770,2021-12-01 13:58:23+00:00,pro vax,neutral
771,2021-12-01 13:57:56+00:00,anti vaccine,negative
772,2021-12-01 13:57:28+00:00,vaccine effects,negative
773,2021-12-01 13:57:24+00:00,anti vaccine,negative
774,2021-12-01 13:56:59+00:00,pro vax,positive
775,2021-12-01 13:56:57+00:00,vaccine effects,neutral
776,2021-12-01 13:56:55+00:00,vaccine effects,negative
777,2021-12-01 13:56:17+00:00,vaccine effects,negative
778,2021-12-01 13:56:11+00:00,pro vax,neutral
779,2021-12-01 13:55:39+00:00,pro vax,neutral
780,2021-12-01 13:55:28+00:00,pro vax,positive
781,2021-12-01 13:55:27+00:00,anti vaccine,neutral
782,2021-12-01 13:55:21+00:00,anti vaccine,neutral
783,2021-12-01 13:54:42+00:00,pro vax,positive
784,2021-12-01 13:54:35+00:00,pro vax,positive
785,2021-12-01 13:54:34+00:00,pro vax,positive
786,2021-12-01 13:54:22+00:00,anti vaccine,neutral
787,2021-12-01 13:54:21+00:00,anti vaccine,neutral
788,2021-12-01 13:53:16+00:00,pro vax,neutral
790,2021-12-01 13:53:02+00:00,pro vax,neutral
791,2021-12-01 13:53:02+00:00,anti vaccine,negative
792,2021-12-01 13:52:59+00:00,anti vaccine,negative
793,2021-12-01 13:52:49+00:00,anti vaccine,neutral
794,2021-12-01 13:52:40+00:00,vaccine effects,negative
795,2021-12-01 13:52:40+00:00,anti vaccine,negative
796,2021-12-01 13:52:31+00:00,vaccine effects,negative
797,2021-12-01 13:52:28+00:00,infections,negative
798,2021-12-01 13:52:20+00:00,news,neutral
799,2021-12-01 13:52:10+00:00,joke,negative
800,2021-12-01 13:52:07+00:00,anti vaccine,neutral
801,2021-12-01 13:52:04+00:00,joke,neutral
802,2021-12-01 13:52:02+00:00,pro vax,neutral
803,2021-12-01 13:52:01+00:00,vaccine effects,negative
804,2021-12-01 13:52:01+00:00,pro vax,positive
805,2021-12-01 13:51:52+00:00,infections,neutral
806,2021-12-01 13:51:33+00:00,anti vaccine,neutral
807,2021-12-01 13:51:32+00:00,joke,neutral
808,2021-12-01 13:51:03+00:00,joke,neutral
809,2021-12-01 13:50:38+00:00,vaccine effects,negative
810,2021-12-01 13:50:31+00:00,pro vax,neutral
811,2021-12-01 13:50:18+00:00,pro vax,neutral
812,2021-12-01 13:50:10+00:00,pro vax,neutral
813,2021-12-01 13:50:04+00:00,anti vaccine,neutral
815,2021-12-01 13:49:13+00:00,news,neutral
816,2021-12-01 13:47:45+00:00,pro vax,neutral
818,2021-12-01 13:47:17+00:00,joke,neutral
819,2021-12-01 13:47:15+00:00,pro vax,neutral
820,2021-12-01 13:47:09+00:00,anti vaccine,neutral
821,2021-12-01 13:46:48+00:00,anti vaccine,negative
822,2021-12-01 13:46:38+00:00,anti vaccine,neutral
823,2021-12-01 13:46:19+00:00,vaccine effects,negative
826,2021-12-01 13:45:38+00:00,pro vax,neutral
828,2021-12-01 13:45:21+00:00,pro vax,neutral
830,2021-12-01 13:45:04+00:00,joke,positive
831,2021-12-01 13:45:02+00:00,joke,neutral
833,2021-12-01 13:43:50+00:00,anti vaccine,neutral
834,2021-12-01 13:43:48+00:00,vaccine effects,negative
835,2021-12-01 13:43:44+00:00,anti vaccine,negative
838,2021-12-01 13:42:33+00:00,pro vax,positive
839,2021-12-01 13:42:19+00:00,anti vaccine,negative
840,2021-12-01 13:41:57+00:00,pro vax,positive
841,2021-12-01 13:41:14+00:00,anti vaccine,neutral
842,2021-12-01 13:41:02+00:00,vaccine effects,neutral
843,2021-12-01 13:40:35+00:00,vaccine effects,negative
844,2021-12-01 13:40:25+00:00,vaccine effects,positive
845,2021-12-01 13:40:14+00:00,vaccine effects,negative
846,2021-12-01 13:40:10+00:00,anti vaccine,negative
847,2021-12-01 13:38:54+00:00,news,neutral
848,2021-12-01 13:38:27+00:00,pro vax,positive
851,2021-12-01 13:37:33+00:00,pro vax,positive
852,2021-12-01 13:37:28+00:00,vaccine effects,negative
853,2021-12-01 13:37:18+00:00,pro vax,neutral
854,2021-12-01 13:36:57+00:00,anti vaccine,neutral
855,2021-12-01 13:36:39+00:00,anti vaccine,neutral
857,2021-12-01 13:36:17+00:00,pro vax,neutral
858,2021-12-01 13:36:02+00:00,news,neutral
859,2021-12-01 13:34:58+00:00,vaccine effects,negative
861,2021-12-01 13:34:50+00:00,anti vaccine,neutral
862,2021-12-01 13:34:44+00:00,vaccine effects,negative
863,2021-12-01 13:34:43+00:00,joke,negative
864,2021-12-01 13:34:42+00:00,pro vax,neutral
865,2021-12-01 13:34:40+00:00,anti vaccine,negative
866,2021-12-01 13:34:34+00:00,vaccine effects,negative
867,2021-12-01 13:34:34+00:00,anti vaccine,negative
868,2021-12-01 13:34:27+00:00,joke,neutral
869,2021-12-01 13:34:19+00:00,vaccine effects,positive
870,2021-12-01 13:34:15+00:00,anti vaccine,negative
871,2021-12-01 13:34:09+00:00,pandemic effects,negative
873,2021-12-01 13:33:46+00:00,pandemic effects,negative
874,2021-12-01 13:33:40+00:00,anti vaccine,negative
875,2021-12-01 13:33:28+00:00,pro vax,negative
876,2021-12-01 13:33:18+00:00,joke,negative
877,2021-12-01 13:33:13+00:00,pandemic effects,neutral
878,2021-12-01 13:33:12+00:00,anti vaccine,neutral
879,2021-12-01 13:33:06+00:00,pandemic effects,negative
880,2021-12-01 13:32:58+00:00,pandemic effects,neutral
881,2021-12-01 13:32:36+00:00,joke,negative
882,2021-12-01 13:32:14+00:00,news,neutral
883,2021-12-01 13:32:00+00:00,pro vax,negative
884,2021-12-01 13:31:59+00:00,vaccine effects,neutral
885,2021-12-01 13:31:45+00:00,vaccine effects,neutral
886,2021-12-01 13:31:44+00:00,vaccine effects,neutral
887,2021-12-01 13:31:42+00:00,news,neutral
888,2021-12-01 13:31:39+00:00,pro vax,neutral
889,2021-12-01 13:31:13+00:00,vaccine effects,neutral
891,2021-12-01 13:31:02+00:00,vaccine effects,negative
892,2021-12-01 13:31:00+00:00,infections,neutral
893,2021-12-01 13:30:59+00:00,joke,negative
894,2021-12-01 13:30:45+00:00,pro vax,neutral
895,2021-12-01 13:29:54+00:00,pro vax,neutral
896,2021-12-01 13:28:51+00:00,pro vax,negative
897,2021-12-01 13:28:42+00:00,joke,negative
898,2021-12-01 13:28:35+00:00,anti vaccine,neutral
899,2021-12-01 13:28:11+00:00,anti vaccine,neutral
900,2021-12-01 13:28:06+00:00,joke,negative
901,2021-12-01 13:27:57+00:00,anti vaccine,neutral
902,2021-12-01 13:27:53+00:00,anti vaccine,neutral
903,2021-12-01 13:27:45+00:00,vaccine effects,negative
904,2021-12-01 13:27:38+00:00,anti vaccine,negative
905,2021-12-01 13:27:35+00:00,joke,negative
906,2021-12-01 13:27:09+00:00,infections,negative
907,2021-12-01 13:26:37+00:00,pro vax,positive
908,2021-12-01 13:26:15+00:00,pandemic effects,negative
909,2021-12-01 13:26:12+00:00,anti vaccine,negative
911,2021-12-01 13:25:35+00:00,anti vaccine,neutral
912,2021-12-01 13:25:33+00:00,pro vax,positive
913,2021-12-01 13:25:21+00:00,joke,negative
914,2021-12-01 13:24:24+00:00,vaccine effects,positive
915,2021-12-01 13:24:00+00:00,joke,negative
916,2021-12-01 13:23:46+00:00,vaccine effects,negative
917,2021-12-01 13:23:41+00:00,pandemic effects,negative
918,2021-12-01 13:23:01+00:00,vaccine effects,negative
919,2021-12-01 13:22:36+00:00,pandemic effects,neutral
920,2021-12-01 13:22:34+00:00,pandemic effects,negative
921,2021-12-01 13:22:23+00:00,vaccine effects,neutral
922,2021-12-01 13:22:18+00:00,pro vax,neutral
923,2021-12-01 13:22:11+00:00,pro vax,neutral
926,2021-12-01 13:22:03+00:00,anti vaccine,negative
927,2021-12-01 13:21:59+00:00,pro vax,negative
928,2021-12-01 13:21:57+00:00,pandemic effects,neutral
929,2021-12-01 13:21:50+00:00,pandemic effects,neutral
930,2021-12-01 13:21:41+00:00,pro vax,neutral
931,2021-12-01 13:21:35+00:00,vaccine effects,positive
932,2021-12-01 13:21:30+00:00,vaccine effects,positive
933,2021-12-01 13:21:26+00:00,infections,neutral
934,2021-12-01 13:21:16+00:00,vaccine effects,positive
935,2021-12-01 13:21:04+00:00,vaccine effects,positive
936,2021-12-01 13:21:02+00:00,vaccine effects,neutral
937,2021-12-01 13:20:54+00:00,joke,neutral
938,2021-12-01 13:20:51+00:00,vaccine effects,positive
939,2021-12-01 13:20:48+00:00,pro vax,neutral
940,2021-12-01 13:20:45+00:00,vaccine effects,negative
941,2021-12-01 13:20:40+00:00,anti vaccine,neutral
942,2021-12-01 13:19:32+00:00,news,neutral
943,2021-12-01 13:19:02+00:00,anti vaccine,neutral
944,2021-12-01 13:19:01+00:00,news,neutral
945,2021-12-01 13:18:44+00:00,pandemic effects,negative
946,2021-12-01 13:18:16+00:00,anti vaccine,neutral
947,2021-12-01 13:18:08+00:00,vaccine effects,negative
948,2021-12-01 13:17:45+00:00,pro vax,neutral
950,2021-12-01 13:17:15+00:00,anti vaccine,neutral
951,2021-12-01 13:17:14+00:00,joke,negative
952,2021-12-01 13:16:55+00:00,pandemic effects,negative
953,2021-12-01 13:16:49+00:00,pandemic effects,negative
954,2021-12-01 13:16:48+00:00,joke,negative
955,2021-12-01 13:16:28+00:00,anti vaccine,neutral
956,2021-12-01 13:15:33+00:00,pandemic effects,neutral
957,2021-12-01 13:15:29+00:00,anti vaccine,neutral
958,2021-12-01 13:15:00+00:00,pro vax,neutral
959,2021-12-01 13:14:59+00:00,pandemic effects,negative
960,2021-12-01 13:14:42+00:00,anti vaccine,negative
961,2021-12-01 13:14:39+00:00,anti vaccine,negative
962,2021-12-01 13:14:36+00:00,pandemic effects,negative
963,2021-12-01 13:14:29+00:00,joke,negative
964,2021-12-01 13:14:13+00:00,infections,negative
965,2021-12-01 13:13:56+00:00,infections,positive
966,2021-12-01 13:13:54+00:00,vaccine effects,positive
967,2021-12-01 13:13:51+00:00,joke,negative
968,2021-12-01 13:13:46+00:00,news,neutral
969,2021-12-01 13:13:39+00:00,vaccine effects,negative
970,2021-12-01 13:13:35+00:00,anti vaccine,neutral
971,2021-12-01 13:13:07+00:00,anti vaccine,neutral
972,2021-12-01 13:12:35+00:00,anti vaccine,positive
973,2021-12-01 13:11:59+00:00,pandemic effects,negative
974,2021-12-01 13:11:52+00:00,joke,neutral
975,2021-12-01 13:11:41+00:00,pandemic effects,negative
976,2021-12-01 13:11:39+00:00,pro vax,neutral
978,2021-12-01 13:11:01+00:00,joke,negative
979,2021-12-01 13:10:44+00:00,news,neutral
980,2021-12-01 13:09:12+00:00,vaccine effects,negative
981,2021-12-01 13:07:55+00:00,pandemic effects,positive
982,2021-12-01 13:07:53+00:00,anti vaccine,neutral
983,2021-12-01 13:07:31+00:00,anti vaccine,negative
984,2021-12-01 13:06:48+00:00,infections,positive
985,2021-12-01 13:06:48+00:00,pandemic effects,negative
986,2021-12-01 13:06:30+00:00,vaccine effects,negative
987,2021-12-01 13:06:25+00:00,vaccine effects,positive
988,2021-12-01 13:06:21+00:00,joke,neutral
989,2021-12-01 13:05:40+00:00,anti vaccine,neutral
990,2021-12-01 13:05:14+00:00,anti vaccine,neutral
991,2021-12-01 13:05:01+00:00,anti vaccine,neutral
992,2021-12-01 13:05:00+00:00,anti vaccine,neutral
993,2021-12-01 13:04:44+00:00,joke,neutral
994,2021-12-01 13:04:18+00:00,vaccine effects,negative
995,2021-12-01 13:04:00+00:00,infections,neutral
996,2021-12-01 13:03:48+00:00,vaccine effects,negative
997,2021-12-01 13:02:36+00:00,infections,neutral
998,2021-12-01 13:02:25+00:00,infections,neutral
999,2021-12-01 13:02:18+00:00,vaccine effects,negative
